PLAYER_ID,FIRST_NAME,LAST_NAME,found,url,error
2090,Justin,Love,True,https://www.sports-reference.com/cbb/players/justin-love-1.html,
12144,Brandon,Kurtz,True,https://www.sports-reference.com/cbb/players/brandon-kurtz-1.html,
12143,Kenyon,Jones,True,https://www.sports-reference.com/cbb/players/kenyon-jones-1.html,
12142,Nate,Johnson,True,https://www.sports-reference.com/cbb/players/nate-johnson-1.html,
12141,Jacob,Jaacks,True,https://www.sports-reference.com/cbb/players/jacob-jaacks-1.html,
2111,Jimmie,Hunter,True,https://www.sports-reference.com/cbb/players/jimmie-hunter-1.html,
12140,Shaheen,Holloway,True,https://www.sports-reference.com/cbb/players/shaheen-holloway-1.html,
12139,Michael,Hermon,True,https://www.sports-reference.com/cbb/players/michael-hermon-1.html,
12138,Johnny,Hemsley,True,https://www.sports-reference.com/cbb/players/johnny-hemsley-1.html,
2110,Ron,Hale,True,https://www.sports-reference.com/cbb/players/ron-hale-1.html,
12137,A.J.,Granger,True,https://www.sports-reference.com/cbb/players/aj-granger-1.html,
12136,Marcus,Goree,True,https://www.sports-reference.com/cbb/players/marcus-goree-1.html,
12135,Ceedric,Goodwyn,True,https://www.sports-reference.com/cbb/players/ceedric-goodwyn-1.html,
2109,Eddie,Gill,True,https://www.sports-reference.com/cbb/players/eddie-gill-1.html,
12018,Vassil,Evtimov,False,,404 Not Found
2508,Gabe,Muoneke,True,https://www.sports-reference.com/cbb/players/gabe-muoneke-1.html,
12134,Schea,Cotton,True,https://www.sports-reference.com/cbb/players/schea-cotton-1.html,
12030,Jameel,Watkins,True,https://www.sports-reference.com/cbb/players/jameel-watkins-1.html,
12029,Jaquay,Walls,True,https://www.sports-reference.com/cbb/players/jaquay-walls-1.html,
12028,Bootsy,Thornton,True,https://www.sports-reference.com/cbb/players/bootsy-thornton-1.html,
12027,Jarrett,Stephens,True,https://www.sports-reference.com/cbb/players/jarrett-stephens-1.html,
12026,Nick,Sheppard,True,https://www.sports-reference.com/cbb/players/nick-sheppard-1.html,
12025,Karim,Shabazz,True,https://www.sports-reference.com/cbb/players/karim-shabazz-1.html,
2637,Alex,Scales,True,https://www.sports-reference.com/cbb/players/alex-scales-1.html,
12024,Matt,Santangelo,True,https://www.sports-reference.com/cbb/players/matt-santangelo-1.html,
12145,Brian,Montonati,True,https://www.sports-reference.com/cbb/players/brian-montonati-1.html,
12023,Pepe,Sanchez,True,https://www.sports-reference.com/cbb/players/pepe-sanchez-1.html,
2121,Terrance,Roberson,True,https://www.sports-reference.com/cbb/players/terrance-roberson-1.html,
12021,Aubrey,Reese,True,https://www.sports-reference.com/cbb/players/aubrey-reese-1.html,
12149,Damon,Reed,False,,404 Not Found
12148,Reed,Rawlings,True,https://www.sports-reference.com/cbb/players/reed-rawlings-1.html,
12147,Matthew,Nielsen,False,,404 Not Found
12146,Ndongo,N'diaye,True,https://www.sports-reference.com/cbb/players/ndongo-ndiaye-1.html,
12022,Julius Doc,Robinson,False,,404 Not Found
12017,Caswell,Cyrus,True,https://www.sports-reference.com/cbb/players/caswell-cyrus-1.html,
12133,Ed,Cota,True,https://www.sports-reference.com/cbb/players/ed-cota-1.html,
12132,Eric,Coley,True,https://www.sports-reference.com/cbb/players/eric-coley-1.html,
12131,Mario,Bland,True,https://www.sports-reference.com/cbb/players/mario-bland-1.html,
12020,Lamont,Barnes,True,https://www.sports-reference.com/cbb/players/lamont-barnes-1.html,
12019,Harold,Arceneaux,True,https://www.sports-reference.com/cbb/players/harold-arceneaux-1.html,
2124,Malik,Allen,True,https://www.sports-reference.com/cbb/players/malik-allen-1.html,
12154,Michael,Hicks,True,https://www.sports-reference.com/cbb/players/michael-hicks-1.html,
12155,Andre,Hutson,True,https://www.sports-reference.com/cbb/players/andre-hutson-1.html,
12156,Nate,James,True,https://www.sports-reference.com/cbb/players/nate-james-1.html,
12158,Darren,Kelly,True,https://www.sports-reference.com/cbb/players/darren-kelly-1.html,
12157,Darrell,Johns,True,https://www.sports-reference.com/cbb/players/darrell-johns-1.html,
2798,Horace,Jenkins,False,,404 Not Found
12153,Charles,Hathaway,True,https://www.sports-reference.com/cbb/players/charles-hathaway-1.html,
12033,Adam,Allenspach,True,https://www.sports-reference.com/cbb/players/adam-allenspach-1.html,
12152,Kenny,Gregory,True,https://www.sports-reference.com/cbb/players/kenny-gregory-1.html,
12034,Cookie,Belcher,True,https://www.sports-reference.com/cbb/players/cookie-belcher-1.html,
2294,Charlie,Bell,True,https://www.sports-reference.com/cbb/players/charlie-bell-1.html,
12035,Calvin,Bowman,True,https://www.sports-reference.com/cbb/players/calvin-bowman-1.html,
12159,Zach,Marbury,True,https://www.sports-reference.com/cbb/players/zach-marbury-1.html,
12162,Troy,Ostler,True,https://www.sports-reference.com/cbb/players/troy-ostler-1.html,
12161,DeMarcus,Minor,True,https://www.sports-reference.com/cbb/players/demarcus-minor-1.html,
12041,Michael,Wright,True,https://www.sports-reference.com/cbb/players/michael-wright-1.html,
12040,Brent,Wright,True,https://www.sports-reference.com/cbb/players/brent-wright-1.html,
12172,Souleymane,Wane,True,https://www.sports-reference.com/cbb/players/souleymane-wane-1.html,
12151,Jerry,Green,True,https://www.sports-reference.com/cbb/players/jerry-green-1.html,
12170,Damone,Thornton,False,,404 Not Found
12169,Greg,Stevenson,True,https://www.sports-reference.com/cbb/players/greg-stevenson-1.html,
12168,Lee,Scruggs,True,https://www.sports-reference.com/cbb/players/lee-scruggs-1.html,
12167,Kenny,Satterfield,True,https://www.sports-reference.com/cbb/players/kenny-satterfield-1.html,
2369,Norman,Richardson,False,,404 Not Found
12166,Martin,Rancik,True,https://www.sports-reference.com/cbb/players/martin-rancik-1.html,
12165,Demetrius,Porter,True,https://www.sports-reference.com/cbb/players/demetrius-porter-1.html,
12164,Rashad,Phillips,True,https://www.sports-reference.com/cbb/players/rashad-phillips-1.html,
40046,Lazaros,Papadopoulos,False,,404 Not Found
200081,Jamario,Moon,False,,404 Not Found
12160,Mike,Mardesich,True,https://www.sports-reference.com/cbb/players/mike-mardesich-1.html,
12171,Tory,Walker,True,https://www.sports-reference.com/cbb/players/tory-walker-1.html,
12031,SirValiant,Brown,True,https://www.sports-reference.com/cbb/players/sirvaliant-brown-1.html,
12032,Ryan,Carroll,True,https://www.sports-reference.com/cbb/players/ryan-carroll-1.html,
12036,Gyasi,Cline-Heard,True,https://www.sports-reference.com/cbb/players/gyasi-cline-heard-1.html,
12037,Tate,Decker,True,https://www.sports-reference.com/cbb/players/tate-decker-1.html,
2230,Maurice,Evans,True,https://www.sports-reference.com/cbb/players/maurice-evans-1.html,
12039,Anthony,Evans,True,https://www.sports-reference.com/cbb/players/anthony-evans-1.html,
12150,Benjamin,Eze,False,,404 Not Found
2386,Kimani,Ffriend,True,https://www.sports-reference.com/cbb/players/kimani-ffriend-1.html,
12038,Robb,Dryden,False,,404 Not Found
12046,Andy,Ellis,True,https://www.sports-reference.com/cbb/players/andy-ellis-1.html,
12045,Teddy,Dupay,True,https://www.sports-reference.com/cbb/players/teddy-dupay-1.html,
12044,Craig,Dawson,True,https://www.sports-reference.com/cbb/players/craig-dawson-1.html,
2501,Reggie,Evans,True,https://www.sports-reference.com/cbb/players/reggie-evans-1.html,
12043,Lenny,Cooke,False,,404 Not Found
12066,David,Graves,True,https://www.sports-reference.com/cbb/players/david-graves-1.html,
2696,Lynn,Greer,True,https://www.sports-reference.com/cbb/players/lynn-greer-1.html,
12067,Rod,Grizzard,True,https://www.sports-reference.com/cbb/players/rod-grizzard-1.html,
101219,Anthony,Grundy,True,https://www.sports-reference.com/cbb/players/anthony-grundy-1.html,
12047,Peter,Fehse,False,,404 Not Found
12042,Chris,Christoffersen,True,https://www.sports-reference.com/cbb/players/chris-christoffersen-1.html,
12287,Lee,Benson,True,https://www.sports-reference.com/cbb/players/lee-benson-1.html,
12290,Chris,Burgess,True,https://www.sports-reference.com/cbb/players/chris-burgess-1.html,
12289,Sylvere,Bryan,False,,404 Not Found
12288,Brian,Brown,True,https://www.sports-reference.com/cbb/players/brian-brown-1.html,
2452,J.R.,Bremer,True,https://www.sports-reference.com/cbb/players/jr-bremer-1.html,
2486,Maurice,Baker,True,https://www.sports-reference.com/cbb/players/maurice-baker-1.html,
12291,Mire,Chatman,True,https://www.sports-reference.com/cbb/players/mire-chatman-1.html,
12286,Lubos,Barton,True,https://www.sports-reference.com/cbb/players/lubos-barton-1.html,
12068,Damon,Hancock,True,https://www.sports-reference.com/cbb/players/damon-hancock-1.html,
2617,Udonis,Haslem,True,https://www.sports-reference.com/cbb/players/udonis-haslem-1.html,
2465,George,Williams,True,https://www.sports-reference.com/cbb/players/george-williams-1.html,
12297,Jobey,Thomas,True,https://www.sports-reference.com/cbb/players/jobey-thomas-1.html,
12065,Preston,Shumpert,True,https://www.sports-reference.com/cbb/players/preston-shumpert-1.html,
201324,Julian,Sensley,True,https://www.sports-reference.com/cbb/players/julian-sensley-1.html,
2453,Predrag,Savovic,True,https://www.sports-reference.com/cbb/players/predrag-savovic-1.html,
12063,Brooks,Sales,True,https://www.sports-reference.com/cbb/players/brooks-sales-1.html,
12062,Travis,Robinson,True,https://www.sports-reference.com/cbb/players/travis-robinson-1.html,
12061,Rolan,Roberts,True,https://www.sports-reference.com/cbb/players/rolan-roberts-1.html,
2458,Luke,Recker,True,https://www.sports-reference.com/cbb/players/luke-recker-1.html,
2470,Smush,Parker,True,https://www.sports-reference.com/cbb/players/smush-parker-1.html,
2457,Jannero,Pargo,True,https://www.sports-reference.com/cbb/players/jannero-pargo-1.html,
12064,Israel,Sheinfeld,True,https://www.sports-reference.com/cbb/players/israel-sheinfeld-1.html,
12069,Greg,Harrington,True,https://www.sports-reference.com/cbb/players/greg-harrington-1.html,
12059,Uche,Okafor,False,,404 Not Found
12070,Cordell,Henry,True,https://www.sports-reference.com/cbb/players/cordell-henry-1.html,
12049,Jason,Jennings,True,https://www.sports-reference.com/cbb/players/jason-jennings-1.html,
2495,Lonnie,Jones,True,https://www.sports-reference.com/cbb/players/lonnie-jones-1.html,
12050,Sean,Kennedy,True,https://www.sports-reference.com/cbb/players/sean-kennedy-1.html,
12051,Kris,Lang,True,https://www.sports-reference.com/cbb/players/kris-lang-1.html,
12052,Muhammed,Lasege,True,https://www.sports-reference.com/cbb/players/muhammed-lasege-1.html,
12053,Steve,Logan,True,https://www.sports-reference.com/cbb/players/steve-logan-1.html,
2677,Kevin,Lyde,True,https://www.sports-reference.com/cbb/players/kevin-lyde-1.html,
12054,Kei,Madison,False,,404 Not Found
12055,Immanuel,McElroy,True,https://www.sports-reference.com/cbb/players/immanuel-mcelroy-1.html,
12056,Aaron,McGhee,True,https://www.sports-reference.com/cbb/players/aaron-mcghee-1.html,
12057,Elvin,Mims,True,https://www.sports-reference.com/cbb/players/elvin-mims-1.html,
12058,Byron,Mouton,True,https://www.sports-reference.com/cbb/players/byron-mouton-1.html,
12083,Sam,Hoskin,True,https://www.sports-reference.com/cbb/players/sam-hoskin-1.html,
12103,Doug,Wrenn,True,https://www.sports-reference.com/cbb/players/doug-wrenn-1.html,
2618,Marcus,Hatten,True,https://www.sports-reference.com/cbb/players/marcus-hatten-1.html,
12082,Jerry,Holman,True,https://www.sports-reference.com/cbb/players/jerry-holman-1.html,
12073,LaVell,Blanchard,True,https://www.sports-reference.com/cbb/players/lavell-blanchard-1.html,
12072,Rick,Anderson,True,https://www.sports-reference.com/cbb/players/rick-anderson-1.html,
200995,Aloysius,Anagonye,True,https://www.sports-reference.com/cbb/players/aloysius-anagonye-1.html,
12084,Sani,Ibrahim,False,,404 Not Found
12085,Michael,Ignerski,False,,404 Not Found
12086,Robert,Jackson,True,https://www.sports-reference.com/cbb/players/robert-jackson-1.html,
2651,Jermaine,Boyette,True,https://www.sports-reference.com/cbb/players/jermaine-boyette-1.html,
12080,Justin,Hamilton,True,https://www.sports-reference.com/cbb/players/justin-hamilton-1.html,
12079,Jason,Gardner,True,https://www.sports-reference.com/cbb/players/jason-gardner-1.html,
12078,Marquis,Estill,True,https://www.sports-reference.com/cbb/players/marquis-estill-1.html,
12077,Ebi,Ere,True,https://www.sports-reference.com/cbb/players/ebi-ere-1.html,
2606,Carl,English,True,https://www.sports-reference.com/cbb/players/carl-english-1.html,
2639,Britton,Johnsen,True,https://www.sports-reference.com/cbb/players/britton-johnsen-1.html,
2648,Ronald,Dupree,True,https://www.sports-reference.com/cbb/players/ronald-dupree-1.html,
12075,Aleksander,Djuric,False,,404 Not Found
2605,Marquis,Daniels,True,https://www.sports-reference.com/cbb/players/marquis-daniels-1.html,
12074,Joel,Cornette,True,https://www.sports-reference.com/cbb/players/joel-cornette-1.html,
2679,Matt,Carroll,True,https://www.sports-reference.com/cbb/players/matt-carroll-1.html,
12295,Souleymane,Camara,False,,404 Not Found
12076,Ruben,Douglas,True,https://www.sports-reference.com/cbb/players/ruben-douglas-1.html,
12094,Ugonna,Okyekwe,False,,404 Not Found
101248,Marlon,Parmer,True,https://www.sports-reference.com/cbb/players/marlon-parmer-1.html,
12095,Stephane,Pelle,True,https://www.sports-reference.com/cbb/players/stephane-pelle-1.html,
2632,Kirk,Penney,True,https://www.sports-reference.com/cbb/players/kirk-penney-1.html,
2694,Josh,Powell,True,https://www.sports-reference.com/cbb/players/josh-powell-1.html,
12096,Hollis,Price,True,https://www.sports-reference.com/cbb/players/hollis-price-1.html,
12097,Joe,Shipp,True,https://www.sports-reference.com/cbb/players/joe-shipp-1.html,
12098,Ron,Slay,True,https://www.sports-reference.com/cbb/players/ron-slay-1.html,
2604,Theron,Smith,True,https://www.sports-reference.com/cbb/players/theron-smith-1.html,
12099,Marvin,Stone,True,https://www.sports-reference.com/cbb/players/marvin-stone-1.html,
12101,Wayne,Wallace,False,,404 Not Found
12102,Wesley,Wilson,True,https://www.sports-reference.com/cbb/players/wesley-wilson-1.html,
12093,Uche,Nsonwu-Amadi,True,https://www.sports-reference.com/cbb/players/uche-nsonwu-amadi-1.html,
12081,Trevor,Harvey,True,https://www.sports-reference.com/cbb/players/trevor-harvey-1.html,
2658,Chris,Marcus,True,https://www.sports-reference.com/cbb/players/chris-marcus-1.html,
12087,Jason,Keep,True,https://www.sports-reference.com/cbb/players/jason-keep-1.html,
12088,Bernard,King,True,https://www.sports-reference.com/cbb/players/bernard-king-1.html,
2688,Brandin,Knight,True,https://www.sports-reference.com/cbb/players/brandin-knight-1.html,
12089,Donald,Little,True,https://www.sports-reference.com/cbb/players/donald-little-1.html,
12092,Jeff,Newton,True,https://www.sports-reference.com/cbb/players/jeff-newton-1.html,
12090,Chris,Massie,True,https://www.sports-reference.com/cbb/players/chris-massie-1.html,
12091,Will,McDonald,True,https://www.sports-reference.com/cbb/players/will-mcdonald-1.html,
12000,Bryant,Matthews,True,https://www.sports-reference.com/cbb/players/bryant-matthews-1.html,
12180,Martin,Iti,True,https://www.sports-reference.com/cbb/players/martin-iti-1.html,
2865,Arthur,Johnson,True,https://www.sports-reference.com/cbb/players/arthur-johnson-1.html,
12181,Ivan,Koljevic,False,,404 Not Found
12182,Herve,Lamizana,True,https://www.sports-reference.com/cbb/players/herve-lamizana-1.html,
2822,Rich,Melzer,False,,404 Not Found
12002,James,Moore,True,https://www.sports-reference.com/cbb/players/james-moore-1.html,
12003,Marcus,Moore,True,https://www.sports-reference.com/cbb/players/marcus-moore-1.html,
12184,Jaime,Lloreda,True,https://www.sports-reference.com/cbb/players/jaime-lloreda-1.html,
12001,Marcus,Melvin,True,https://www.sports-reference.com/cbb/players/marcus-melvin-1.html,
12005,Misan,Nikagbatse,False,,404 Not Found
12006,Randall,Orr,False,,404 Not Found
12007,Dylan,Page,True,https://www.sports-reference.com/cbb/players/dylan-page-1.html,
12004,Michel,Morandais,True,https://www.sports-reference.com/cbb/players/michel-morandais-1.html,
12009,Kelvin,Pena,False,,404 Not Found
12179,Rolando,Howell,True,https://www.sports-reference.com/cbb/players/rolando-howell-1.html,
12294,Rashad,Wright,True,https://www.sports-reference.com/cbb/players/rashad-wright-1.html,
12293,Nate,Williams,True,https://www.sports-reference.com/cbb/players/nate-williams-1.html,
12292,Mike,Williams,True,https://www.sports-reference.com/cbb/players/mike-williams-1.html,
2863,Damien,Wilkins,True,https://www.sports-reference.com/cbb/players/damien-wilkins-1.html,
12296,Marko,Tomas,False,,404 Not Found
12016,Tom,Timmerrmans,False,,404 Not Found
12015,Blake,Stepp,True,https://www.sports-reference.com/cbb/players/blake-stepp-1.html,
12014,Tiago,Splitter,False,,404 Not Found
12012,Blagota,Sekulic,False,,404 Not Found
12011,Aerick,Sanders,True,https://www.sports-reference.com/cbb/players/aerick-sanders-1.html,
2876,Jared,Reiner,True,https://www.sports-reference.com/cbb/players/jared-reiner-1.html,
12010,Omar,Quintero,False,,404 Not Found
12008,Rickey,Paulding,True,https://www.sports-reference.com/cbb/players/rickey-paulding-1.html,
2857,Andre,Barrett,True,https://www.sports-reference.com/cbb/players/andre-barrett-1.html,
2800,Tony,Bobbitt,True,https://www.sports-reference.com/cbb/players/tony-bobbitt-1.html,
12173,Brian,Boddicker,True,https://www.sports-reference.com/cbb/players/brian-boddicker-1.html,
12174,Tim,Bowers,True,https://www.sports-reference.com/cbb/players/tim-bowers-1.html,
2810,Andre,Brown,True,https://www.sports-reference.com/cbb/players/andre-brown-1.html,
2866,Jackie,Butler,True,https://www.sports-reference.com/cbb/players/jackie-butler-1.html,
12175,Aleksandar,Capin,False,,404 Not Found
12178,Chris,Garnett,True,https://www.sports-reference.com/cbb/players/chris-garnett-1.html,
12176,Ales,Chan,True,https://www.sports-reference.com/cbb/players/ales-chan-1.html,
2824,Desmon,Farmer,True,https://www.sports-reference.com/cbb/players/desmon-farmer-1.html,
2823,John,Edwards,True,https://www.sports-reference.com/cbb/players/john-edwards-1.html,
12177,Marcus,Douthit,True,https://www.sports-reference.com/cbb/players/marcus-douthit-1.html,
2845,Erik,Daniels,True,https://www.sports-reference.com/cbb/players/erik-daniels-1.html,
200555,TJ,Cummings,True,https://www.sports-reference.com/cbb/players/tj-cummings-1.html,
12114,David,Lucas,True,https://www.sports-reference.com/cbb/players/david-lucas-1.html,
101249,John,Lucas III,False,,404 Not Found
101185,Rawle,Marshall,True,https://www.sports-reference.com/cbb/players/rawle-marshall-1.html,
101223,Aaron,Miles,True,https://www.sports-reference.com/cbb/players/aaron-miles-1.html,
200829,Ivan,McFarlin,True,https://www.sports-reference.com/cbb/players/ivan-mcfarlin-1.html,
12115,Juan,Mendez,True,https://www.sports-reference.com/cbb/players/juan-mendez-1.html,
101247,Keith,Langford,True,https://www.sports-reference.com/cbb/players/keith-langford-1.html,
12112,Jared,Homan,True,https://www.sports-reference.com/cbb/players/jared-homan-1.html,
201318,Jason,Klotz,True,https://www.sports-reference.com/cbb/players/jason-klotz-1.html,
12113,Mindaugas,Katelynas,True,https://www.sports-reference.com/cbb/players/mindaugas-katelynas-1.html,
101204,Dwayne,Jones,True,https://www.sports-reference.com/cbb/players/dwayne-jones-1.html,
101236,Charles,Hayes,False,,404 Not Found
12116,Ellis,Myles,True,https://www.sports-reference.com/cbb/players/ellis-myles-1.html,
12117,Larry,O'Bannon,True,https://www.sports-reference.com/cbb/players/larry-obannon-1.html,
12119,Omar,Thomas,True,https://www.sports-reference.com/cbb/players/omar-thomas-1.html,
101214,Jawad,Williams,True,https://www.sports-reference.com/cbb/players/jawad-williams-1.html,
12118,Drago,Pasalic,False,,404 Not Found
12122,Chris,Thomas,True,https://www.sports-reference.com/cbb/players/chris-thomas-1.html,
12121,David,Simon,True,https://www.sports-reference.com/cbb/players/david-simon-1.html,
12120,Tre,Simmons,True,https://www.sports-reference.com/cbb/players/tre-simmons-1.html,
101195,Luke,Schenscher,True,https://www.sports-reference.com/cbb/players/luke-schenscher-1.html,
101194,Anthony,Roberson,True,https://www.sports-reference.com/cbb/players/anthony-roberson-1.html,
101179,Ronnie,Price,True,https://www.sports-reference.com/cbb/players/ronnie-price-1.html,
201225,Carlos,Powell,True,https://www.sports-reference.com/cbb/players/carlos-powell-1.html,
101232,Roger,Powell,True,https://www.sports-reference.com/cbb/players/roger-powell-1.html,
200819,Kevin,Pittsnogle,True,https://www.sports-reference.com/cbb/players/kevin-pittsnogle-1.html,
101224,Deji,Akindele,False,,404 Not Found
200969,Mustafa,Al-Sayyad,True,https://www.sports-reference.com/cbb/players/mustafa-al-sayyad-1.html,
12104,Nemanja,Aleksandrov,False,,404 Not Found
101187,Alan,Anderson,True,https://www.sports-reference.com/cbb/players/alan-anderson-1.html,
101252,Sean,Banks,True,https://www.sports-reference.com/cbb/players/sean-banks-1.html,
101188,Eddie,Basden,True,https://www.sports-reference.com/cbb/players/eddie-basden-1.html,
101198,Will,Bynum,True,https://www.sports-reference.com/cbb/players/will-bynum-1.html,
12106,Marcus,Campbell,True,https://www.sports-reference.com/cbb/players/marcus-campbell-1.html,
101215,Will,Conroy,True,https://www.sports-reference.com/cbb/players/will-conroy-1.html,
12105,Mike,Bell,True,https://www.sports-reference.com/cbb/players/mike-bell-1.html,
101184,Deng,Gai,True,https://www.sports-reference.com/cbb/players/deng-gai-1.html,
12107,Taylor,Coppenrath,True,https://www.sports-reference.com/cbb/players/taylor-coppenrath-1.html,
101213,Sharrod,Ford,True,https://www.sports-reference.com/cbb/players/sharrod-ford-1.html,
12110,Eddy,Fobbs,True,https://www.sports-reference.com/cbb/players/eddy-fobbs-1.html,
12109,D'Or,Fischer,True,https://www.sports-reference.com/cbb/players/dor-fischer-1.html,
12111,John,Gilchrist,True,https://www.sports-reference.com/cbb/players/john-gilchrist-1.html,
12108,Daryl,Dorsey,False,,404 Not Found
12194,Carl,Krauser,True,https://www.sports-reference.com/cbb/players/carl-krauser-1.html,
12189,Matt,Haryasz,True,https://www.sports-reference.com/cbb/players/matt-haryasz-1.html,
12190,Eric,Hicks,True,https://www.sports-reference.com/cbb/players/eric-hicks-1.html,
12191,Tedric,Hill,False,,404 Not Found
200812,Daniel,Horton,True,https://www.sports-reference.com/cbb/players/daniel-horton-1.html,
12192,Viktor,Keyru,False,,404 Not Found
12193,Marco,Killingsworth,True,https://www.sports-reference.com/cbb/players/marco-killingsworth-1.html,
200814,Tarence,Kinsey,True,https://www.sports-reference.com/cbb/players/tarence-kinsey-1.html,
12188,Dan,Grunfeld,True,https://www.sports-reference.com/cbb/players/dan-grunfeld-1.html,
12196,Danilo,Pinnock,False,,404 Not Found
201019,Gerry,McNamara,True,https://www.sports-reference.com/cbb/players/gerry-mcnamara-1.html,
200822,Pops,Mensah-Bonsu,True,https://www.sports-reference.com/cbb/players/pops-mensah-bonsu-1.html,
200859,Paul,Miller,True,https://www.sports-reference.com/cbb/players/paul-miller-1.html,
12123,Kenny,Adeleke,True,https://www.sports-reference.com/cbb/players/kenny-adeleke-1.html,
201383,Dwayne,Mitchell,True,https://www.sports-reference.com/cbb/players/dwayne-mitchell-1.html,
12195,Yemi,Nicholson,True,https://www.sports-reference.com/cbb/players/yemi-nicholson-1.html,
12187,Taj,Gray,True,https://www.sports-reference.com/cbb/players/taj-gray-1.html,
200840,Chris,McCray,True,https://www.sports-reference.com/cbb/players/chris-mccray-1.html,
12126,Nik,Caner-Medley,True,https://www.sports-reference.com/cbb/players/nik-caner-medley-1.html,
12186,Nick,George,True,https://www.sports-reference.com/cbb/players/nick-george-1.html,
12185,Torin,Francis,True,https://www.sports-reference.com/cbb/players/torin-francis-1.html,
12130,Sean,Dockery,True,https://www.sports-reference.com/cbb/players/sean-dockery-1.html,
12129,Terence,Dials,True,https://www.sports-reference.com/cbb/players/terence-dials-1.html,
12128,Taquan,Dean,True,https://www.sports-reference.com/cbb/players/taquan-dean-1.html,
12127,Keydren,Clark,True,https://www.sports-reference.com/cbb/players/keydren-clark-1.html,
200847,Brandon,Bowman,True,https://www.sports-reference.com/cbb/players/brandon-bowman-1.html,
12124,J.P.,Batista,True,https://www.sports-reference.com/cbb/players/jp-batista-1.html,
202151,Rashad,Anderson,True,https://www.sports-reference.com/cbb/players/rashad-anderson-1.html,
200811,Lou,Amundson,False,,404 Not Found
12125,Brad,Buckman,True,https://www.sports-reference.com/cbb/players/brad-buckman-1.html,
200809,Chris,Quinn,True,https://www.sports-reference.com/cbb/players/chris-quinn-1.html,
200810,Allan,Ray,True,https://www.sports-reference.com/cbb/players/allan-ray-1.html,
202124,Curtis,Withers,True,https://www.sports-reference.com/cbb/players/curtis-withers-1.html,
200818,Justin,Williams,True,https://www.sports-reference.com/cbb/players/justin-williams-1.html,
12203,Eric,Williams,True,https://www.sports-reference.com/cbb/players/eric-williams-1.html,
201228,CJ,Watson,True,https://www.sports-reference.com/cbb/players/cj-watson-1.html,
200827,Darius,Washington,True,https://www.sports-reference.com/cbb/players/darius-washington-1.html,
12201,Ian,Vouyoukas,True,https://www.sports-reference.com/cbb/players/ian-vouyoukas-1.html,
12200,Joah,Tucker,True,https://www.sports-reference.com/cbb/players/joah-tucker-1.html,
12199,Frans,Steyn,True,https://www.sports-reference.com/cbb/players/frans-steyn-1.html,
201028,Curtis,Stinson,True,https://www.sports-reference.com/cbb/players/curtis-stinson-1.html,
-1,Blake,Schilb,True,https://www.sports-reference.com/cbb/players/blake-schilb-1.html,
200848,Steven,Smith,True,https://www.sports-reference.com/cbb/players/steven-smith-1.html,
23033,Michael,Southhall,False,,404 Not Found
201201,Marcus,Slaughter,True,https://www.sports-reference.com/cbb/players/marcus-slaughter-1.html,
201015,Antywane,Robinson,True,https://www.sports-reference.com/cbb/players/antywane-robinson-1.html,
12228,Blake,Schilb,True,https://www.sports-reference.com/cbb/players/blake-schilb-1.html,
12227,Dustin,Salisbery,True,https://www.sports-reference.com/cbb/players/dustin-salisbery-1.html,
12226,JR,Reynolds,True,https://www.sports-reference.com/cbb/players/jr-reynolds-1.html,
12225,Ivan,Radenovic,True,https://www.sports-reference.com/cbb/players/ivan-radenovic-1.html,
12224,Brad,Newley,False,,404 Not Found
201858,Cartier,Martin,True,https://www.sports-reference.com/cbb/players/cartier-martin-1.html,
12223,Ron,Lewis,True,https://www.sports-reference.com/cbb/players/ron-lewis-1.html,
12229,Renaldas,Seibutis,False,,404 Not Found
12233,Ali,Traore,False,,404 Not Found
12236,DaShaun,Wood,True,https://www.sports-reference.com/cbb/players/dashaun-wood-1.html,
12235,Major,Wingate,True,https://www.sports-reference.com/cbb/players/major-wingate-1.html,
201208,Darryl,Watkins,True,https://www.sports-reference.com/cbb/players/darryl-watkins-1.html,
12234,Kyle,Visser,True,https://www.sports-reference.com/cbb/players/kyle-visser-1.html,
12222,Marko,Lekic,False,,404 Not Found
201229,Anthony,Tolliver,True,https://www.sports-reference.com/cbb/players/anthony-tolliver-1.html,
12232,Reyshawn,Terry,True,https://www.sports-reference.com/cbb/players/reyshawn-terry-1.html,
201249,Jamaal,Tatum,True,https://www.sports-reference.com/cbb/players/jamaal-tatum-1.html,
12230,Curtis,Sumpter,True,https://www.sports-reference.com/cbb/players/curtis-sumpter-1.html,
201203,Mustafa,Shakur,True,https://www.sports-reference.com/cbb/players/mustafa-shakur-1.html,
12215,Quinton,Hosley,True,https://www.sports-reference.com/cbb/players/quinton-hosley-1.html,
12210,Zabian,Dowdell,True,https://www.sports-reference.com/cbb/players/zabian-dowdell-1.html,
12209,Justin,Doellman,True,https://www.sports-reference.com/cbb/players/justin-doellman-1.html,
12208,Ryvon,Covile,True,https://www.sports-reference.com/cbb/players/ryvon-covile-1.html,
12207,Coleman,Collins,True,https://www.sports-reference.com/cbb/players/coleman-collins-1.html,
201469,Russell,Carter,True,https://www.sports-reference.com/cbb/players/russell-carter-1.html,
201628,Bobby,Brown,True,https://www.sports-reference.com/cbb/players/bobby-brown-1.html,
12206,Craig,Bradshaw,True,https://www.sports-reference.com/cbb/players/craig-bradshaw-1.html,
12205,Mario,Boggan,True,https://www.sports-reference.com/cbb/players/mario-boggan-1.html,
12211,Rashaun,Freeman,True,https://www.sports-reference.com/cbb/players/rashaun-freeman-1.html,
12212,Caleb,Green,True,https://www.sports-reference.com/cbb/players/caleb-green-1.html,
12221,Antanas,Kavaliauskas,True,https://www.sports-reference.com/cbb/players/antanas-kavaliauskas-1.html,
201207,Coby,Karl,True,https://www.sports-reference.com/cbb/players/coby-karl-1.html,
12220,Rashad,Jones-Jennings,True,https://www.sports-reference.com/cbb/players/rashad-jones-jennings-1.html,
201234,Trey,Johnson,True,https://www.sports-reference.com/cbb/players/trey-johnson-1.html,
12219,Dominic,James,True,https://www.sports-reference.com/cbb/players/dominic-james-1.html,
12218,Ekene,Ibekwe,True,https://www.sports-reference.com/cbb/players/ekene-ibekwe-1.html,
12217,Jeremy,Hunt,True,https://www.sports-reference.com/cbb/players/jeremy-hunt-1.html,
12237,Avis,Wyatt,False,,404 Not Found
12214,Brandon,Heath,True,https://www.sports-reference.com/cbb/players/brandon-heath-1.html,
12216,James,Hughes,True,https://www.sports-reference.com/cbb/players/james-hughes-1.html,
12204,Mohamed,Abukar,True,https://www.sports-reference.com/cbb/players/mohamed-abukar-1.html,
201651,James,Mays,True,https://www.sports-reference.com/cbb/players/james-mays-1.html,
201872,Mark,Tyndale,True,https://www.sports-reference.com/cbb/players/mark-tyndale-1.html,
12273,Robert,Vaden,True,https://www.sports-reference.com/cbb/players/robert-vaden-1.html,
12272,Bryce,Taylor,True,https://www.sports-reference.com/cbb/players/bryce-taylor-1.html,
199,Reggie,Williams,True,https://www.sports-reference.com/cbb/players/reggie-williams-1.html,
201848,Longar,Longar,True,https://www.sports-reference.com/cbb/players/longar-longar-1.html,
12261,Maarty,Leunen,True,https://www.sports-reference.com/cbb/players/maarty-leunen-1.html,
12260,Marcelus,Kemp,True,https://www.sports-reference.com/cbb/players/marcelus-kemp-1.html,
12253,Sasha,Kaun,True,https://www.sports-reference.com/cbb/players/sasha-kaun-1.html,
12262,Aleks,Maric,True,https://www.sports-reference.com/cbb/players/aleks-maric-1.html,
12271,Ronald,Steele,True,https://www.sports-reference.com/cbb/players/ronald-steele-1.html,
12263,Drew,Neitzel,True,https://www.sports-reference.com/cbb/players/drew-neitzel-1.html,
201634,DeMarcus,Nelson,True,https://www.sports-reference.com/cbb/players/demarcus-nelson-1.html,
201624,David,Padgett,True,https://www.sports-reference.com/cbb/players/david-padgett-1.html,
12264,Jeremy,Pargo,True,https://www.sports-reference.com/cbb/players/jeremy-pargo-1.html,
12265,Trent,Plaisted,True,https://www.sports-reference.com/cbb/players/trent-plaisted-1.html,
12266,Quan,Prowell,True,https://www.sports-reference.com/cbb/players/quan-prowell-1.html,
12267,Shaun,Pruitt,True,https://www.sports-reference.com/cbb/players/shaun-pruitt-1.html,
12268,Charles,Rhodes,True,https://www.sports-reference.com/cbb/players/charles-rhodes-1.html,
12259,John,Riek,True,https://www.sports-reference.com/cbb/players/john-riek-1.html,
12269,Brian,Roberts,True,https://www.sports-reference.com/cbb/players/brian-roberts-1.html,
201781,Russell,Robinson,True,https://www.sports-reference.com/cbb/players/russell-robinson-1.html,
12270,Richard,Roby,True,https://www.sports-reference.com/cbb/players/richard-roby-1.html,
12258,Joseph,Jones,True,https://www.sports-reference.com/cbb/players/joseph-jones-1.html,
12256,Shawn,James,True,https://www.sports-reference.com/cbb/players/shawn-james-1.html,
12248,Josh,Duncan,True,https://www.sports-reference.com/cbb/players/josh-duncan-1.html,
12247,Marcus,Dove,True,https://www.sports-reference.com/cbb/players/marcus-dove-1.html,
12246,Chris,Daniels,True,https://www.sports-reference.com/cbb/players/chris-daniels-1.html,
12245,Joe,Crawford,True,https://www.sports-reference.com/cbb/players/joe-crawford-1.html,
12244,Pat,Calathes,True,https://www.sports-reference.com/cbb/players/pat-calathes-1.html,
12242,Brian,Butch,True,https://www.sports-reference.com/cbb/players/brian-butch-1.html,
201868,Stanley,Burrell,True,https://www.sports-reference.com/cbb/players/stanley-burrell-1.html,
201812,Keith,Brumbaugh,False,,404 Not Found
12241,Takais,Brown,True,https://www.sports-reference.com/cbb/players/takais-brown-1.html,
12240,Tyrone,Brazelton,True,https://www.sports-reference.com/cbb/players/tyrone-brazelton-1.html,
12239,Ramel,Bradley,True,https://www.sports-reference.com/cbb/players/ramel-bradley-1.html,
12249,Frank,Elegar,True,https://www.sports-reference.com/cbb/players/frank-elegar-1.html,
12257,Davon,Jefferson,True,https://www.sports-reference.com/cbb/players/davon-jefferson-1.html,
12250,Shan,Foster,True,https://www.sports-reference.com/cbb/players/shan-foster-1.html,
201629,Othello,Hunter,True,https://www.sports-reference.com/cbb/players/othello-hunter-1.html,
12255,Jiri,Hubalek,True,https://www.sports-reference.com/cbb/players/jiri-hubalek-1.html,
12254,Kyle,Hines,True,https://www.sports-reference.com/cbb/players/kyle-hines-1.html,
201863,Kentrell,Gransberry,True,https://www.sports-reference.com/cbb/players/kentrell-gransberry-1.html,
12252,Vladimir,Golubovic,False,,404 Not Found
12251,James,Gist,True,https://www.sports-reference.com/cbb/players/james-gist-1.html,
201814,Gary,Forbes,True,https://www.sports-reference.com/cbb/players/gary-forbes-1.html,
12243,Jamar,Butler,True,https://www.sports-reference.com/cbb/players/jamar-butler-1.html,
12278,Josh,Heytvelt,True,https://www.sports-reference.com/cbb/players/josh-heytvelt-1.html,
12279,Joe,Ingles,False,,404 Not Found
12284,Tyler,Smith,True,https://www.sports-reference.com/cbb/players/tyler-smith-1.html,
12283,Jerel,McNeal,True,https://www.sports-reference.com/cbb/players/jerel-mcneal-1.html,
12282,Jack,McClinton,True,https://www.sports-reference.com/cbb/players/jack-mcclinton-1.html,
202399,Jeff,Adrien,True,https://www.sports-reference.com/cbb/players/jeff-adrien-1.html,
12275,Dionte,Christmas,True,https://www.sports-reference.com/cbb/players/dionte-christmas-1.html,
12338,Ryan,Richards,False,,404 Not Found
12330,Sylven,Landesberg,True,https://www.sports-reference.com/cbb/players/sylven-landesberg-1.html,
12329,Jerome,Jordan,True,https://www.sports-reference.com/cbb/players/jerome-jordan-1.html,
12334,Artsiom,Parakhouski,True,https://www.sports-reference.com/cbb/players/artsiom-parakhouski-1.html,
12343,Mikhail,Torrance,True,https://www.sports-reference.com/cbb/players/mikhail-torrance-1.html,
12346,Jarvis,Varnado,True,https://www.sports-reference.com/cbb/players/jarvis-varnado-1.html,
12341,Jon,Scheyer,True,https://www.sports-reference.com/cbb/players/jon-scheyer-1.html,
202412,Manny,Harris,True,https://www.sports-reference.com/cbb/players/manny-harris-1.html,
12317,Charles,Garcia,True,https://www.sports-reference.com/cbb/players/charles-garcia-1.html,
12316,Keith,Gallon,False,,404 Not Found
202395,Sherron,Collins,True,https://www.sports-reference.com/cbb/players/sherron-collins-1.html,
12428,David,Lighty,True,https://www.sports-reference.com/cbb/players/david-lighty-1.html,
12430,Demetri,McCamey,True,https://www.sports-reference.com/cbb/players/demetri-mccamey-1.html,
12417,Rick,Jackson,True,https://www.sports-reference.com/cbb/players/rick-jackson-1.html,
12415,Scotty,Hopson,True,https://www.sports-reference.com/cbb/players/scotty-hopson-1.html,
12406,Michael,Dunigan,True,https://www.sports-reference.com/cbb/players/michael-dunigan-1.html,
12407,LaceDarius,Dunn,True,https://www.sports-reference.com/cbb/players/lacedarius-dunn-1.html,
12409,James,Fredette,False,,404 Not Found
12442,Gregory,Smith,False,,404 Not Found
12441,Jamie,Skeen,True,https://www.sports-reference.com/cbb/players/jamie-skeen-1.html,
12436,Jereme,Richmond,True,https://www.sports-reference.com/cbb/players/jereme-richmond-1.html,
12445,Malcolm,Thomas,True,https://www.sports-reference.com/cbb/players/malcolm-thomas-1.html,
203183,Tony,Mitchell,True,https://www.sports-reference.com/cbb/players/tony-mitchell-1.html,
203159,Scott,Machado,True,https://www.sports-reference.com/cbb/players/scott-machado-1.html,
203156,Henry,Sims,True,https://www.sports-reference.com/cbb/players/henry-sims-1.html,
12507,Jordan,Taylor,True,https://www.sports-reference.com/cbb/players/jordan-taylor-1.html,
203138,Hollis,Thompson,True,https://www.sports-reference.com/cbb/players/hollis-thompson-1.html,
203158,Kevin,Jones,True,https://www.sports-reference.com/cbb/players/kevin-jones-1.html,
12458,J'Covan,Brown,True,https://www.sports-reference.com/cbb/players/jcovan-brown-1.html,
203733,William,Buford,True,https://www.sports-reference.com/cbb/players/william-buford-1.html,
12467,Drew,Gordon,True,https://www.sports-reference.com/cbb/players/drew-gordon-1.html,
203189,Tu,Holloway,False,,404 Not Found
203254,JaMychal,Green,True,https://www.sports-reference.com/cbb/players/jamychal-green-1.html,
203464,Brandon,Paul,True,https://www.sports-reference.com/cbb/players/brandon-paul-1.html,
203658,Norvel,Pelle,False,,404 Not Found
203519,Adonis,Thomas,True,https://www.sports-reference.com/cbb/players/adonis-thomas-1.html,
203515,Phil,Pressey,True,https://www.sports-reference.com/cbb/players/phil-pressey-1.html,
203523,BJ,Young,True,https://www.sports-reference.com/cbb/players/bj-young-1.html,
203522,Trevor,Mbakwe,True,https://www.sports-reference.com/cbb/players/trevor-mbakwe-1.html,
203466,CJ,Leslie,True,https://www.sports-reference.com/cbb/players/cj-leslie-1.html,
203561,Brandon,Davies,True,https://www.sports-reference.com/cbb/players/brandon-davies-1.html,
203552,Seth,Curry,True,https://www.sports-reference.com/cbb/players/seth-curry-1.html,
203496,Robert,Covington,True,https://www.sports-reference.com/cbb/players/robert-covington-1.html,
12524,Will,Clyburn,True,https://www.sports-reference.com/cbb/players/will-clyburn-1.html,
203473,Dewayne,Dedmon,True,https://www.sports-reference.com/cbb/players/dewayne-dedmon-1.html,
203478,Jackie,Carmichael,True,https://www.sports-reference.com/cbb/players/jackie-carmichael-1.html,
203505,Vander,Blue,True,https://www.sports-reference.com/cbb/players/vander-blue-1.html,
203483,Kenny,Kadji,True,https://www.sports-reference.com/cbb/players/kenny-kadji-1.html,
203509,Myck,Kabongo,True,https://www.sports-reference.com/cbb/players/myck-kabongo-1.html,
203480,James,Southerland,True,https://www.sports-reference.com/cbb/players/james-southerland-1.html,
203494,Richard,Howell,True,https://www.sports-reference.com/cbb/players/richard-howell-1.html,
203949,James,McAdoo,False,,404 Not Found
203941,LaQuinton,Ross,True,https://www.sports-reference.com/cbb/players/laquinton-ross-1.html,
203899,Kendall,Williams,True,https://www.sports-reference.com/cbb/players/kendall-williams-1.html,
203942,Patric,Young,True,https://www.sports-reference.com/cbb/players/patric-young-1.html,
203945,Alex,Kirk,True,https://www.sports-reference.com/cbb/players/alex-kirk-1.html,
203930,Sean,Kilpatrick,True,https://www.sports-reference.com/cbb/players/sean-kilpatrick-1.html,
203947,Jordan,Bachynski,True,https://www.sports-reference.com/cbb/players/jordan-bachynski-1.html,
203920,Khem,Birch,True,https://www.sports-reference.com/cbb/players/khem-birch-1.html,
203913,Jabari,Brown,True,https://www.sports-reference.com/cbb/players/jabari-brown-1.html,
203907,Deonte,Burton,True,https://www.sports-reference.com/cbb/players/deonte-burton-1.html,
203905,Aaron,Craft,True,https://www.sports-reference.com/cbb/players/aaron-craft-1.html,
203929,Melvin,Ejim,True,https://www.sports-reference.com/cbb/players/melvin-ejim-1.html,
203927,C.J.,Fair,True,https://www.sports-reference.com/cbb/players/cj-fair-1.html,
1627361,Dez,Wells,False,,404 Not Found
1626210,Alan,Williams,True,https://www.sports-reference.com/cbb/players/alan-williams-1.html,
1626182,Jonathan,Holmes,True,https://www.sports-reference.com/cbb/players/jonathan-holmes-1.html,
1626186,Corey,Hawkins,True,https://www.sports-reference.com/cbb/players/corey-hawkins-1.html,
1626151,Aaron,Harrison,True,https://www.sports-reference.com/cbb/players/aaron-harrison-1.html,
1626203,Treveon,Graham,True,https://www.sports-reference.com/cbb/players/treveon-graham-1.html,
1626187,Michael,Frazier II,False,,404 Not Found
1626188,Quinn,Cook,True,https://www.sports-reference.com/cbb/players/quinn-cook-1.html,
1626207,Ryan,Boatright,True,https://www.sports-reference.com/cbb/players/ryan-boatright-1.html,
1626165,Brandon,Ashley,True,https://www.sports-reference.com/cbb/players/brandon-ashley-1.html,
1626146,Cliff,Alexander,True,https://www.sports-reference.com/cbb/players/cliff-alexander-1.html,
1626205,Vince,Hunter,True,https://www.sports-reference.com/cbb/players/vince-hunter-1.html,
1626217,Chris,Walker,True,https://www.sports-reference.com/cbb/players/chris-walker-1.html,
1626193,Robert,Upshaw,True,https://www.sports-reference.com/cbb/players/robert-upshaw-1.html,
1626208,Keifer,Sykes,True,https://www.sports-reference.com/cbb/players/keifer-sykes-1.html,
1626184,Chasson,Randle,True,https://www.sports-reference.com/cbb/players/chasson-randle-1.html,
1626180,Michael,Qualls,True,https://www.sports-reference.com/cbb/players/michael-qualls-1.html,
1626189,Terran,Petteway,True,https://www.sports-reference.com/cbb/players/terran-petteway-1.html,
2006,Larry,Nance,True,https://www.sports-reference.com/cbb/players/larry-nance-1.html,
204456,TJ,McConnell,True,https://www.sports-reference.com/cbb/players/tj-mcconnell-1.html,
1626174,Christian,Wood,True,https://www.sports-reference.com/cbb/players/christian-wood-1.html,
1629159,Marcus,Lee,True,https://www.sports-reference.com/cbb/players/marcus-lee-1.html,
1627780,Gary,Payton II,False,,404 Not Found
1627782,Wayne,Selden,True,https://www.sports-reference.com/cbb/players/wayne-selden-1.html,
204211,Justin,Jackson,True,https://www.sports-reference.com/cbb/players/justin-jackson-1.html,
1627760,Cat,Barber,False,,404 Not Found
1627765,Elgin,Cook,True,https://www.sports-reference.com/cbb/players/elgin-cook-1.html,
1627768,Perry,Ellis,True,https://www.sports-reference.com/cbb/players/perry-ellis-1.html,
1627827,Dorian,Finney-Smith,True,https://www.sports-reference.com/cbb/players/dorian-finney-smith-1.html,
1627758,Ron,Baker,True,https://www.sports-reference.com/cbb/players/ron-baker-1.html,
1627784,Jarrod,Uthoff,True,https://www.sports-reference.com/cbb/players/jarrod-uthoff-1.html,
1627786,Troy,Williams,True,https://www.sports-reference.com/cbb/players/troy-williams-1.html,
1627787,Kyle,Wiltjer,True,https://www.sports-reference.com/cbb/players/kyle-wiltjer-1.html,
1628408,PJ,Dozier,True,https://www.sports-reference.com/cbb/players/pj-dozier-1.html,
1628515,Isaiah,Briscoe,True,https://www.sports-reference.com/cbb/players/isaiah-briscoe-1.html,
1628503,Jamel,Artis,True,https://www.sports-reference.com/cbb/players/jamel-artis-1.html,
1628431,V.J.,Beachem,True,https://www.sports-reference.com/cbb/players/vj-beachem-1.html,
1628449,Chris,Boucher,True,https://www.sports-reference.com/cbb/players/chris-boucher-1.html,
1628514,Peter,Jok,True,https://www.sports-reference.com/cbb/players/peter-jok-1.html,
1628419,Cameron,Oliver,True,https://www.sports-reference.com/cbb/players/cameron-oliver-1.html,
1628405,Johnathan,Motley,True,https://www.sports-reference.com/cbb/players/johnathan-motley-1.html,
1628452,Kennedy,Meeks,True,https://www.sports-reference.com/cbb/players/kennedy-meeks-1.html,
1628421,Devin,Robinson,True,https://www.sports-reference.com/cbb/players/devin-robinson-1.html,
1628424,Kobi,Simmons,True,https://www.sports-reference.com/cbb/players/kobi-simmons-1.html,
1628502,Nigel,Hayes,True,https://www.sports-reference.com/cbb/players/nigel-hayes-1.html,
1628439,Isaiah,Hicks,True,https://www.sports-reference.com/cbb/players/isaiah-hicks-1.html,
1962937123,Omer,Yurtseven,True,https://www.sports-reference.com/cbb/players/omer-yurtseven-1.html,
1628476,Derrick,Walton Jr.,False,,404 Not Found
1628453,Melo,Trimble,True,https://www.sports-reference.com/cbb/players/melo-trimble-1.html,
1628979,Trevon,Duval,True,https://www.sports-reference.com/cbb/players/trevon-duval-1.html,
1628967,Tyus,Battle,True,https://www.sports-reference.com/cbb/players/tyus-battle-1.html,
1628965,Jaylen,Barford,True,https://www.sports-reference.com/cbb/players/jaylen-barford-1.html,
1628999,Yante,Maten,True,https://www.sports-reference.com/cbb/players/yante-maten-1.html,
1629037,Keenan,Evans,True,https://www.sports-reference.com/cbb/players/keenan-evans-1.html,
1628996,Sagaba,Konate,True,https://www.sports-reference.com/cbb/players/sagaba-konate-1.html,
1629036,Isaac,Haas,True,https://www.sports-reference.com/cbb/players/isaac-haas-1.html,
1629026,Kenrich,Williams,True,https://www.sports-reference.com/cbb/players/kenrich-williams-1.html,
1629024,Austin,Wiley,True,https://www.sports-reference.com/cbb/players/austin-wiley-1.html,
1629019,Allonzo,Trier,True,https://www.sports-reference.com/cbb/players/allonzo-trier-1.html,
1628997,Caleb,Martin,True,https://www.sports-reference.com/cbb/players/caleb-martin-1.html,
1628959,Rawle,Alkins,True,https://www.sports-reference.com/cbb/players/rawle-alkins-1.html,
1629000,Brandon,McCoy,True,https://www.sports-reference.com/cbb/players/brandon-mccoy-1.html,
1629033,Theo,Pinson,True,https://www.sports-reference.com/cbb/players/theo-pinson-1.html,
1629009,Billy,Preston,False,https://www.sports-reference.com/cbb/players/billy-preston-1.html,no HTML tables
1629005,Malik,Newman,True,https://www.sports-reference.com/cbb/players/malik-newman-1.html,
1629610,DaQuan,Jeffries,True,https://www.sports-reference.com/cbb/players/daquan-jeffries-1.html,
1629650,Moses,Brown,True,https://www.sports-reference.com/cbb/players/moses-brown-1.html,
1629052,O'Shae,Brissett,True,https://www.sports-reference.com/cbb/players/oshae-brissett-1.html,
1629065,Ky,Bowman,True,https://www.sports-reference.com/cbb/players/ky-bowman-1.html,
1629076,Tyler,Cook,True,https://www.sports-reference.com/cbb/players/tyler-cook-1.html,
1628968,Brian,Bowen II,False,,404 Not Found
1629663,Louis,King,True,https://www.sports-reference.com/cbb/players/louis-king-1.html,
1629652,Luguentz,Dort,True,https://www.sports-reference.com/cbb/players/luguentz-dort-1.html,
1629658,Jalen,Hoard,False,,404 Not Found
1629607,Jared,Harper,True,https://www.sports-reference.com/cbb/players/jared-harper-1.html,
1629056,Terence,Davis,True,https://www.sports-reference.com/cbb/players/terence-davis-1.html,
1629605,Tacko,Fall,True,https://www.sports-reference.com/cbb/players/tacko-fall-1.html,
1629654,Carsen,Edwards,True,https://www.sports-reference.com/cbb/players/carsen-edwards-1.html,
1629665,Jalen,Lecque,False,,404 Not Found
1629675,Naz,Reid,True,https://www.sports-reference.com/cbb/players/naz-reid-1.html,
1629007,Jontay,Porter,True,https://www.sports-reference.com/cbb/players/jontay-porter-1.html,
1629044,Shamorie,Ponds,True,https://www.sports-reference.com/cbb/players/shamorie-ponds-1.html,
1629668,Zach,Norvell Jr.,False,,404 Not Found
1629666,Charles,Matthews,True,https://www.sports-reference.com/cbb/players/charles-matthews-1.html,
1629664,Dedric,Lawson,True,https://www.sports-reference.com/cbb/players/dedric-lawson-1.html,
1629025,Kris,Wilkes,True,https://www.sports-reference.com/cbb/players/kris-wilkes-1.html,
1629679,Simisola,Shittu,True,https://www.sports-reference.com/cbb/players/simisola-shittu-1.html,
1629619,Myles,Powell,True,https://www.sports-reference.com/cbb/players/myles-powell-1.html,
1630234,Ty-Shon,Alexander,True,https://www.sports-reference.com/cbb/players/ty-shon-alexander-1.html,
1630205,Lamar,Stevens,True,https://www.sports-reference.com/cbb/players/lamar-stevens-1.html,
1630232,Kahlil,Whitney,True,https://www.sports-reference.com/cbb/players/kahlil-whitney-1.html,
1629700,Kaleb,Wesson,True,https://www.sports-reference.com/cbb/players/kaleb-wesson-1.html,
1630233,Nathan,Knight,True,https://www.sports-reference.com/cbb/players/nathan-knight-1.html,
1630220,Paul,Eboua,False,,404 Not Found
1629653,Devon,Dotson,True,https://www.sports-reference.com/cbb/players/devon-dotson-1.html,
1629603,Mamadi,Diakite,True,https://www.sports-reference.com/cbb/players/mamadi-diakite-1.html,
1630213,Yoeli,Childs,True,https://www.sports-reference.com/cbb/players/yoeli-childs-1.html,
1629681,Killian,Tillie,True,https://www.sports-reference.com/cbb/players/killian-tillie-1.html,
1630235,Trent,Forrest,True,https://www.sports-reference.com/cbb/players/trent-forrest-1.html,
1630221,Joshua,Hall,False,,404 Not Found
1630210,Markus,Howard,True,https://www.sports-reference.com/cbb/players/markus-howard-1.html,
1630222,Mason,Jones,True,https://www.sports-reference.com/cbb/players/mason-jones-1.html,
1630211,Karim,Mane,False,,404 Not Found
1630230,Naji,Marshall,True,https://www.sports-reference.com/cbb/players/naji-marshall-1.html,
1630204,Ashton,Hagans,True,https://www.sports-reference.com/cbb/players/ashton-hagans-1.html,
1630562,Matt,Hurt,False,,404 Not Found
1630639,AJ,Lawson,True,https://www.sports-reference.com/cbb/players/aj-lawson-1.html,
1630637,Carlik,Jones,True,https://www.sports-reference.com/cbb/players/carlik-jones-1.html,
1630565,Aaron,Henry,True,https://www.sports-reference.com/cbb/players/aaron-henry-1.html,
1630573,Sam,Hauser,True,https://www.sports-reference.com/cbb/players/sam-hauser-1.html,
1630542,Marcus,Bagley,True,https://www.sports-reference.com/cbb/players/marcus-bagley-1.html,
1630546,Max,Abmas,True,https://www.sports-reference.com/cbb/players/max-abmas-1.html,
1630551,Justin,Champagnie,True,https://www.sports-reference.com/cbb/players/justin-champagnie-1.html,
1630561,David,Duke Jr.,False,,404 Not Found
1630588,Makur,Maker,True,https://www.sports-reference.com/cbb/players/makur-maker-1.html,
1630576,Roko,Prkacin,False,,404 Not Found
1630582,Yves,Pons,True,https://www.sports-reference.com/cbb/players/yves-pons-1.html,
1630566,John,Petty Jr.,False,,404 Not Found
1630227,Daishen,Nix,False,,404 Not Found
1630569,DJ,Steward,True,https://www.sports-reference.com/cbb/players/dj-steward-1.html,
1630559,Austin,Reaves,True,https://www.sports-reference.com/cbb/players/austin-reaves-1.html,
1630593,McKinley,Wright IV,False,,404 Not Found
1630589,Moses,Wright,True,https://www.sports-reference.com/cbb/players/moses-wright-1.html,
1630570,Trendon,Watford,True,https://www.sports-reference.com/cbb/players/trendon-watford-1.html,
1630613,Duane,Washington Jr.,False,,404 Not Found
1630620,Darius,Days,True,https://www.sports-reference.com/cbb/players/darius-days-1.html,
1630594,Kofi,Cockburn,True,https://www.sports-reference.com/cbb/players/kofi-cockburn-1.html,
1630577,Julian,Champagnie,True,https://www.sports-reference.com/cbb/players/julian-champagnie-1.html,
1631230,Dominick,Barlow,False,,404 Not Found
1631219,John,Butler Jr.,False,,404 Not Found
1631168,Jean,Montero,False,,404 Not Found
1631165,Keon,Ellis,True,https://www.sports-reference.com/cbb/players/keon-ellis-1.html,
1630652,Trevion,Williams,True,https://www.sports-reference.com/cbb/players/trevion-williams-1.html,
1631220,Dereon,Seabron,True,https://www.sports-reference.com/cbb/players/dereon-seabron-1.html,
1631115,Orlando,Robinson,True,https://www.sports-reference.com/cbb/players/orlando-robinson-1.html,
1631197,Jared,Rhoden,True,https://www.sports-reference.com/cbb/players/jared-rhoden-1.html,
1630590,Scotty,Pippen Jr.,False,,404 Not Found
1631198,Aminu,Mohammed,True,https://www.sports-reference.com/cbb/players/aminu-mohammed-1.html,
1631214,Alondes,Williams,True,https://www.sports-reference.com/cbb/players/alondes-williams-1.html,
1630701,Michael,Foster Jr.,False,,404 Not Found
1631221,Collin,Gillespie,True,https://www.sports-reference.com/cbb/players/collin-gillespie-1.html,
1631199,Ron,Harper Jr.,False,,404 Not Found
1630548,Johnny,Juzang,True,https://www.sports-reference.com/cbb/players/johnny-juzang-1.html,
1631129,Iverson,Molinar,True,https://www.sports-reference.com/cbb/players/iverson-molinar-1.html,
1631171,Justin,Lewis,True,https://www.sports-reference.com/cbb/players/justin-lewis-1.html,
1631254,Kenneth,Lofton Jr.,False,,404 Not Found
1630571,Matthew,Mayer,True,https://www.sports-reference.com/cbb/players/matthew-mayer-1.html,
1631125,Josh,Minnott,False,,404 Not Found
1631258,Bryson,Williams,True,https://www.sports-reference.com/cbb/players/bryson-williams-1.html,
1630855,Fanbo,Zeng,False,,404 Not Found
1641756,Mike,Miles Jr.,False,,404 Not Found
1641751,Arthur,Kaluma,True,https://www.sports-reference.com/cbb/players/arthur-kaluma-1.html,
1641741,Ricky,Council IV,False,,404 Not Found
1641745,Adam,Flagler,True,https://www.sports-reference.com/cbb/players/adam-flagler-1.html,
1631256,Kevin,McCullar,True,https://www.sports-reference.com/cbb/players/kevin-mccullar-1.html,
1631166,Drew,Timme,True,https://www.sports-reference.com/cbb/players/drew-timme-1.html,
1631131,Oscar,Tshiebwe,True,https://www.sports-reference.com/cbb/players/oscar-tshiebwe-1.html,
1641773,Azuolas,Tubelis,True,https://www.sports-reference.com/cbb/players/azuolas-tubelis-1.html,
1631173,Terquavion,Smith,True,https://www.sports-reference.com/cbb/players/terquavion-smith-1.html,
1641758,Judah,Mintz,True,https://www.sports-reference.com/cbb/players/judah-mintz-1.html,
1641759,Dillon,Mitchell,True,https://www.sports-reference.com/cbb/players/dillon-mitchell-1.html,
1641760,Omari,Moore,True,https://www.sports-reference.com/cbb/players/omari-moore-1.html,
1641766,Adama,Sanogo,True,https://www.sports-reference.com/cbb/players/adama-sanogo-1.html,
1642350,Trevon,Brazile,True,https://www.sports-reference.com/cbb/players/trevon-brazile-1.html,
1642283,Jaxson,Robinson,True,https://www.sports-reference.com/cbb/players/jaxson-robinson-1.html,
1642369,Michael,Ajayi,True,https://www.sports-reference.com/cbb/players/michael-ajayi-1.html,
1641725,Trey,Alexander,True,https://www.sports-reference.com/cbb/players/trey-alexander-1.html,
1641736,Reece,Beekman,True,https://www.sports-reference.com/cbb/players/reece-beekman-1.html,
1642356,JT,Toppin,True,https://www.sports-reference.com/cbb/players/jt-toppin-1.html,
1641772,Nae'Qwan,Tomlin,True,https://www.sports-reference.com/cbb/players/naeqwan-tomlin-1.html,
1642362,Payton,Sandfort,True,https://www.sports-reference.com/cbb/players/payton-sandfort-1.html,
1642348,Justin,Edwards,True,https://www.sports-reference.com/cbb/players/justin-edwards-1.html,
1641743,Nikola,Djurisic,False,,404 Not Found
1642284,Alex,Karaban,True,https://www.sports-reference.com/cbb/players/alex-karaban-1.html,
1641779,Jalen,Bridges,True,https://www.sports-reference.com/cbb/players/jalen-bridges-1.html,
1642399,Jesse,Edwards,True,https://www.sports-reference.com/cbb/players/jesse-edwards-1.html,
1642407,Boogie,Ellis,True,https://www.sports-reference.com/cbb/players/boogie-ellis-1.html,
1642368,N'Faly,Dante,True,https://www.sports-reference.com/cbb/players/nfaly-dante-1.html,
1642403,Isaac,Jones,True,https://www.sports-reference.com/cbb/players/isaac-jones-1.html,
1642357,David,Jones,True,https://www.sports-reference.com/cbb/players/david-jones-1.html,
1642352,Keshad,Johnson,True,https://www.sports-reference.com/cbb/players/keshad-johnson-1.html,
1641746,Coleman,Hawkins,True,https://www.sports-reference.com/cbb/players/coleman-hawkins-1.html,
1641790,PJ,Hall,True,https://www.sports-reference.com/cbb/players/pj-hall-1.html,
1642360,Tyon,Grant-Foster,True,https://www.sports-reference.com/cbb/players/tyon-grant-foster-1.html,
1642280,Trentyn,Flowers,False,https://www.sports-reference.com/cbb/players/trentyn-flowers-1.html,no HTML tables
1642916,Ben,Henshall,False,,404 Not Found
1642909,Karter,Knox,True,https://www.sports-reference.com/cbb/players/karter-knox-1.html,
1642865,Yaxel,Lendeborg,True,https://www.sports-reference.com/cbb/players/yaxel-lendeborg-1.html,
1642961,RJ,Luis Jr.,False,,404 Not Found
1642919,PJ,Haggerty,True,https://www.sports-reference.com/cbb/players/pj-haggerty-1.html,
1642944,Mackenzie,Mgbako,False,https://www.sports-reference.com/cbb/players/mackenzie-mgbako-1.html,no HTML tables
1642891,Miles,Byrd,True,https://www.sports-reference.com/cbb/players/miles-byrd-1.html,
1642884,Vladislav,Goldin,True,https://www.sports-reference.com/cbb/players/vladislav-goldin-1.html,
1642960,Alex,Condon,True,https://www.sports-reference.com/cbb/players/alex-condon-1.html,
1642915,Eric,Dixon,True,https://www.sports-reference.com/cbb/players/eric-dixon-1.html,
1642858,Boogie,Fland,True,https://www.sports-reference.com/cbb/players/boogie-fland-1.html,
1642922,Jalon,Moore,True,https://www.sports-reference.com/cbb/players/jalon-moore-1.html,
1641891,Izan,Almansa,False,,404 Not Found
1641761,Grant,Nelson,True,https://www.sports-reference.com/cbb/players/grant-nelson-1.html,
1641813,Mark,Sears,True,https://www.sports-reference.com/cbb/players/mark-sears-1.html,
1642870,Milos,Uzan,True,https://www.sports-reference.com/cbb/players/milos-uzan-1.html,
1642924,Brice,Williams,True,https://www.sports-reference.com/cbb/players/brice-williams-1.html,
1642963,Darrion,Williams,True,https://www.sports-reference.com/cbb/players/darrion-williams-1.html,
1642921,Neoklis,Avdalas,True,https://www.sports-reference.com/cbb/players/neoklis-avdalas-1.html,
1642282,Hunter,Sallis,True,https://www.sports-reference.com/cbb/players/hunter-sallis-1.html,
1642948,Ryan,Nembhard,True,https://www.sports-reference.com/cbb/players/ryan-nembhard-1.html,
1642923,Otega,Oweh,True,https://www.sports-reference.com/cbb/players/otega-oweh-1.html,
1641825,Dink,Pate,False,,404 Not Found
1642861,Tahaad,Pettiford,True,https://www.sports-reference.com/cbb/players/tahaad-pettiford-1.html,
1642889,Labaron,Philon,True,https://www.sports-reference.com/cbb/players/labaron-philon-1.html,
1642913,Michael,Ruzic,False,,404 Not Found
1642926,Tamar,Bates,True,https://www.sports-reference.com/cbb/players/tamar-bates-1.html,
